image_name,label
212564,1
216467,1
162330,1
24402,0
102680,1
234542,1
103482,0
227832,0
259465,1
99387,1
111747,1
270632,1
31189,1
168683,0
46081,0
212123,0
220378,0
48995,1
234568,1
123658,0
192318,1
47354,0
224375,1
76722,1
212693,0
120227,1
128325,1
267685,1
36597,1
184678,0
222788,1
176793,0
74841,1
219711,0
164842,1
249135,0
228358,1
131076,1
130725,1
255894,1
2207,0
193543,0
18313,0
245353,1
64026,0
218977,1
185797,1
10363,1
266492,0
24178,0
44229,1
208387,1
181911,1
113111,1
96717,0
80045,0
67163,1
242818,0
4967,0
207045,1
279244,1
162009,1
184992,1
60559,0
548,1
16001,0
20877,1
115665,0
193838,1
129971,1
268208,1
207199,1
88879,0
124941,0
239540,0
263413,1
120612,0
167443,0
15355,0
65982,1
148557,0
83693,1
227280,0
254565,1
87091,0
175773,0
138007,1
74049,0
124202,1
155534,1
122494,1
116440,1
288475,0
32079,0
170545,0
63154,1
256547,1
267754,1
52819,0
205323,1
36649,0
264741,1
242737,1
35421,1
149487,0
11170,0
88099,0
47826,0
34873,1
24365,1
162951,1
222599,1
114256,0
13729,0
93457,1
241798,0
31562,1
271489,1
13233,1
261663,1
232717,0
167445,0
41539,0
271563,1
130710,0
183615,0
173525,0
82776,0
233435,0
166433,1
210380,0
80909,1
234837,0
207736,0
139661,0
55439,1
47765,0
24968,1
222225,1
270929,1
170193,0
169543,1
82104,1
20434,1
8864,0
88662,0
264377,1
177757,0
68583,0
263200,1
137465,1
243897,1
161062,1
228416,0
118436,1
138405,0
184466,1
145047,0
795,1
83788,1
220687,1
81328,1
106210,0
228483,1
156018,1
153253,0
51232,0
215971,0
193101,1
16520,0
184743,1
14534,0
171630,1
62759,1
225222,1
69266,1
208228,0
59455,1
4797,0
195114,0
169124,1
99850,0
6956,0
292405,1
116436,0
39004,0
70693,1
224140,0
273240,1
159549,0
20996,0
7629,1
260280,1
188123,1
171852,1
94216,1
194517,0
246848,1
25224,0
236484,0
26862,0
135481,1
113648,1
75071,1
143740,0
3532,1
260219,1
94285,0
138561,0
118008,1
133297,0
171084,1
109445,0
26296,1
140263,0
190744,1
283853,0
115114,1
215190,0
67001,1
196993,0
123547,1
100793,1
274466,1
105772,1
186700,1
113181,0
110364,1
238799,0
159583,1
214981,1
200850,0
37555,1
30475,0
218196,1
258730,1
184179,0
65696,0
94266,1
23731,1
178018,0
210299,0
31276,1
82279,1
171238,1
119382,0
52205,0
195435,1
124440,1
44879,1
167798,0
148256,0
114776,0
53269,1
19589,1
7196,1
7627,1
209244,0
113098,0
270617,0
74350,1
17292,0
102608,1
274411,1
278794,1
260849,1
80604,0
246499,1
273498,1
98181,0
105940,1
87423,0
271046,1
35178,1
138188,1
244290,0
55389,1
233250,0
32307,0
169659,0
195915,0
201578,1
48668,0
91918,0
204276,1
55215,0
228886,0
233994,0
252945,1
46406,0
229784,1
24811,1
28855,0
235439,1
38855,1
74660,1
3479,0
130228,1
81413,1
152606,1
269214,0
17575,1
124455,0
259120,1
45923,0
198434,1
172350,1
58135,1
248414,1
129884,1
95947,1
119178,1
94345,0
35769,0
115961,1
114490,1
20863,0
179470,1
47867,0
236116,1
259736,1
75335,0
266411,1
103816,1
110284,0
152927,0
272804,1
283178,1
110382,0
28540,0
229203,1
133705,0
87060,0
251156,1
196466,0
260056,1
195373,1
210432,1
100110,1
120235,1
209914,1
86261,1
117467,1
3831,0
179717,1
13725,0
41757,1
43788,0
200017,1
219233,0
52067,1
63588,1
47060,0
121437,0
132626,0
290152,0
190676,1
90768,0
57781,0
60956,1
246445,1
245542,0
295184,1
211624,1
197219,0
197743,0
285239,0
148579,1
210654,1
185434,0
43877,0
167987,1
101723,0
240914,0
217481,1
251266,1
113794,1
184320,1
181375,1
277008,1
288468,0
100760,1
11476,1
171890,1
77797,0
106051,1
76543,1
12178,1
3338,1
108458,1
117619,0
265824,1
203499,0
188273,1
249683,1
6962,1
149605,1
94675,1
105610,0
47623,0
125896,0
214730,1
264224,1
242899,1
156787,1
169661,0
31569,0
154833,1
162532,0
274375,0
252324,1
236501,0
103732,1
66732,0
153894,1
171960,0
237359,1
90978,0
59736,1
255099,1
257202,1
254365,1
197826,0
223622,1
269501,1
116793,1
143671,1
91585,2
174473,0
94934,1
97537,1
69780,0
32212,1
23110,1
39611,1
25267,1
34272,1
73688,0
186974,1
143003,0
217414,1
51585,0
13031,1
170757,0
66946,0
231961,1
259672,1
149636,0
177134,1
182459,0
190610,0
83791,0
174862,0
59914,1
934,1
275737,0
205651,1
76540,1
91176,1
127534,1
51256,0
225506,0
132999,0
65958,0
231624,1
20743,0
2874,1
179120,1
99714,1
47133,1
97109,0
100882,1
148525,1
227145,0
196990,0
155746,0
63285,1
253837,1
133418,1
242741,0
197336,0
94342,0
83200,1
249871,0
94354,1
161958,0
219635,0
33667,0
61115,0
16980,1
100544,1
142189,0
88300,1
249074,0
156874,1
130866,0
16040,1
86450,1
228963,1
267340,0
278143,0
45057,0
174697,0
220518,0
159674,1
259698,1
133301,1
269834,1
95698,0
235408,0
220552,1
97043,0
182128,0
232525,0
128300,0
240224,0
92038,1
15687,0
58437,0
92000,1
103460,1
88135,0
256520,0
270337,0
224908,1
207609,0
203336,1
23355,0
204261,0
53500,1
33346,1
197498,0
4709,1
120455,1
232276,1
17585,1
9128,1
158454,1
46610,1
123002,0
254417,1
35253,1
133365,1
51504,1
89182,0
197056,0
20841,1
177391,1
112929,1
88182,0
20756,1
24331,0
263635,0
45686,1
169742,1
49489,0
73324,0
46504,0
21792,0
117961,0
154531,1
287512,0
137373,1
150652,0
197283,1
39975,1
108608,0
152394,1
95882,1
194349,0
154811,0
201344,0
192429,0
48750,1
160565,1
234019,1
175118,1
118067,0
40461,1
223241,1
15665,0
211442,1
140581,1
56685,0
168378,1
150669,1
179956,1
58090,1
195040,1
129364,1
50759,0
166337,0
139935,1
113273,0
35943,1
47099,1
190587,1
246817,1
208455,0
26989,1
198955,1
49016,1
172932,0
158901,1
253319,1
144545,1
56003,1
79664,0
141860,1
155117,1
121287,1
234732,0
124677,1
184625,1
180026,1
206332,1
284815,0
68729,1
233827,1
142905,0
168488,1
179508,1
271508,0
3654,1
257855,1
65419,0
74495,1
169223,1
289529,0
131859,1
253773,1
242562,1
166568,1
124462,1
107205,1
88082,1
44903,0
281564,0
194097,0
101557,1
44440,1
157409,0
124061,0
257607,1
213345,1
249608,1
171321,1
131189,1
169818,1
124737,1
281007,1
159585,1
52772,0
264426,0
84417,1
34537,1
283063,1
216875,1
245367,1
157157,1
32878,1
187149,1
178525,0
160638,1
133822,0
128398,0
184584,0
156074,1
46917,1
22352,1
45514,0
265124,1
247322,1
28917,0
53777,1
103022,1
125584,0
250659,1
269891,1
119975,1
44945,0
127826,1
229059,1
220670,1
161444,1
56025,1
152561,1
242399,1
39972,1
244648,0
217815,1
272617,1
127843,0
51052,1
258548,1
62283,1
223788,0
18211,1
149295,1
167950,1
4273,0
199892,1
93389,1
171218,0
60465,1
87479,1
52566,1
109364,2
212480,0
271823,1
227109,1
191870,0
77523,1
224072,0
86440,1
118692,0
132816,0
62994,0
237539,0
899,0
72981,0
148218,1
244039,1
108977,0
93302,1
280842,1
106792,1
64716,0
97044,1
163798,0
199975,1
18223,1
37935,0
259396,0
86480,1
275421,1
60830,0
256383,1
70439,1
184986,1
149585,1
93258,1
43678,1
118243,1
96449,1
48743,0
220198,0
214410,1
100714,1
207505,0
184308,1
150241,0
85855,0
273230,1
195655,1
189026,0
261036,0
206670,0
219764,0
57569,1
259949,1
260066,1
234470,0
197565,1
57620,1
3856,1
294432,1
96410,1
168669,1
168339,1
140853,0
166437,1
48066,1
278061,1
277370,1
35355,1
140960,1
99203,1
114957,1
224180,1
13062,1
74088,1
69566,0
200249,0
226774,1
159225,1
131466,1
122527,0
247959,0
19365,1
195384,0
152512,1
253706,1
159556,1
130457,1
68219,0
200292,1
158689,0
150504,1
234741,1
263483,0
167847,1
38430,1
7460,1
98715,1
117353,0
59671,2
96436,0
16449,0
129300,0
64440,1
30295,1
19779,1
178243,1
192376,0
61147,0
211428,0
128329,0
6537,1
89958,1
284013,1
136555,1
159522,1
18390,1
68707,1
213000,1
190668,0
221524,0
199864,0
253519,1
258041,1
142617,0
96815,1
228023,0
233736,0
167159,1
73069,0
30879,0
145301,1
149266,1
40943,0
58180,0
206714,1
129537,0
216667,0
269445,0
166698,0
186778,1
98484,1
65038,1
196018,1
207134,1
161170,1
34467,0
174298,1
159379,0
44719,1
53018,0
68284,1
198801,1
209515,0
101073,1
179267,1
173648,0
247419,1
107495,1
152443,0
134799,1
185814,1
135594,0
178376,0
47489,0
271223,1
67020,1
51264,1
254083,1
123411,1
135658,1
112760,1
229434,0
53196,1
197709,1
57493,0
265942,1
92852,0
159516,1
112826,1
170577,1
108010,1
189313,1
234401,1
24865,0
32937,0
116492,1
70853,1
187618,1
140681,0
47648,0
259045,1
115924,0
21142,1
214077,1
218436,1
251005,0
101148,0
818,0
71545,0
248089,1
81427,0
7775,1
152035,1
215706,1
113433,1
161792,0
265010,1
178598,1
136560,1
175590,1
196863,1
77588,1
161839,1
200917,0
252644,1
122277,1
90579,0
89193,1
211352,1
58719,1
105924,0
249659,1
8481,0
293489,1
257641,1
171771,1
11359,0
154603,0
22751,0
252276,1
106314,0
201476,0
261719,0
214153,1
108834,1
160204,1
56478,1
210707,0
271757,0
129192,1
169690,1
149078,1
274661,1
17981,1
77375,0
12676,1
183903,1
4644,0
264416,1
233198,0
190765,1
133845,1
187034,1
174509,0
195104,0
176526,1
86612,1
214177,0
227503,1
212178,1
269100,1
94482,0
151378,1
20399,0
40323,0
176125,1
155208,1
229657,1
149953,0
286164,1
281613,0
161918,1
69857,1
211730,1
1831,0
248395,1
274830,1
234604,0
25000,1
250440,1
1711,0
197049,0
222056,1
77287,1
80452,1
255827,2
78358,1
148054,1
236005,1
179304,1
232913,0
230203,0
184686,1
63639,1
2483,0
261136,1
258452,1
211771,0
22527,1
151596,0
169264,0
249134,0
1592,0
24344,0
53659,1
90419,1
228847,0
93627,0
57347,1
274913,1
209132,1
40435,1
106653,1
142827,0
292348,1
268151,1
243322,1
71934,1
215146,0
236446,1
230100,0
84236,0
251153,1
130789,0
70377,1
193259,1
181404,1
63615,1
151501,1
12127,1
216617,1
205258,1
4344,1
102969,1
64768,1
87410,0
109971,0
251932,1
4442,0
88263,1
235286,1
284711,1
129754,1
101337,1
25118,1
267343,1
153344,1
40638,1
191484,1
35236,1
266857,0
92868,1
56882,1
40387,1
78192,1
224311,1
208919,0
270149,1
154074,1
291662,1
150912,1
198650,0
65034,1
184854,1
142860,0
90042,0
229699,0
187335,1
176972,0
72905,0
46427,0
195474,0
92815,0
115536,1
194703,1
253797,1
160702,1
241998,1
209003,0
55885,1
221542,1
87642,1
130794,1
109262,1
201967,1
260285,0
177567,1
15300,1
98713,1
121896,0
276153,1
153106,1
79394,0
47847,1
194078,0
194828,1
225770,0
160096,1
113818,1
35946,1
107865,0
127769,0
52560,0
223576,0
245178,1
97034,1
17880,1
154430,1
212802,1
160020,0
181331,1
88183,0
169211,0
100233,1
250943,0
143721,0
83752,0
100348,0
94605,1
74535,1
74434,1
47844,1
271923,1
210315,1
273934,1
99580,1
240286,1
155211,0
127543,1
57975,1
122711,1
67655,1
127619,1
55481,1
267277,0
33631,1
141161,1
237923,1
253979,0
111834,1
260241,1
46247,1
235505,0
184815,0
29787,1
207554,0
177144,0
162763,0
229829,1
241389,1
271651,0
99289,1
200117,1
207317,1
210212,1
73396,0
153843,0
102178,1
102636,0
174980,1
206276,1
161248,1
204005,1
228931,0
16785,0
206819,1
134597,0
227601,1
71691,0
255925,1
231853,1
206431,1
269512,0
57509,0
182040,1
219839,0
99977,0
212579,1
65193,0
150775,1
22703,0
217183,0
174634,1
1262,0
91429,1
158490,0
120910,1
121247,0
88832,0
60905,0
1589,0
115488,1
236271,0
237467,1
57388,1
170513,1
237256,0
36655,0
57867,0
144931,1
80174,0
193912,1
134514,0
96253,0
76968,0
34017,0
55993,0
90537,1
22850,1
201700,1
58054,0
15002,1
229831,0
108789,1
149966,1
210692,0
262254,0
216798,1
75304,1
95747,0
61112,0
97100,1
241283,1
80109,0
51745,1
5281,0
78845,1
265059,1
40605,0
111321,0
156842,1
89804,1
205190,1
255821,0
15086,1
102591,1
90472,0
101360,0
235183,1
235085,0
27861,0
80238,1
256427,1
55320,1
174274,0
191525,1
137403,1
259043,0
50836,1
106807,1
15395,1
62587,1
188381,0
289030,0
261807,1
219257,0
172083,1
16533,0
239721,1
184968,0
225607,1
286394,1
282563,0
135400,0
10171,1
117479,1
206962,1
125101,1
100371,1
63691,0
4075,1
143311,0
69722,0
26054,0
194412,0
74200,1
39144,1
203165,0
173454,0
215121,0
59340,0
83470,0
40017,0
245366,0
94311,1
212904,0
43780,0
238073,1
247650,1
234768,1
81568,1
41768,0
197210,0
8825,0
169767,1
211209,0
156069,0
164226,0
246983,1
200077,1
85147,1
220894,1
56061,0
255677,1
40954,1
235181,1
244218,1
10565,1
164057,1
233015,0
48298,0
231546,0
107192,1
207342,1
65560,0
144826,1
87190,0
219312,1
173677,0
223171,1
116284,1
135557,1
86379,1
64345,1
172022,0
15508,1
57124,1
102763,0
208149,1
261473,1
195018,0
139324,1
141972,0
62100,0
231584,1
115865,0
266733,1
102186,1
34205,1
83860,0
233570,0
139912,0
125678,0
16569,0
10998,0
158150,0
144651,1
283152,1
238334,0
128414,0
101369,0
861,0
76363,0
172650,1
260591,1
20414,1
97183,1
227519,0
21397,1
209430,0
133572,0
240764,1
215886,1
249766,0
82188,1
130751,0
206392,1
3118,1
31859,1
291687,0
73300,1
205950,0
151328,0
122915,1
50097,1
50954,1
83281,1
84184,0
190615,0
97053,0
153686,1
35728,1
113263,0
194866,0
98068,1
58231,1
266503,1
41462,1
157679,1
97872,1
94409,0
215015,1
140661,1
21096,1
243859,0
232871,1
148812,0
136452,1
227462,1
275155,1
101738,1
51086,1
177349,1
92225,1
64586,0
248640,1
99001,0
3629,0
73831,1
201339,1
13796,1
168731,1
240088,0
169504,1
66418,1
91066,1
199761,1
102228,1
86241,1
180812,1
223144,1
58256,1
5046,1
121203,0
248180,1
100293,0
61304,1
87770,1
60445,1
273078,0
69270,1
148606,1
256880,1
96044,0
31149,0
226628,1
91087,0
218897,1
1229,0
170789,0
237746,1
288865,0
40961,1
234751,0
26657,1
98599,1
86042,0
222375,1
112257,1
126683,1
8744,1
26798,1
228468,0
262730,1
244908,1
51928,1
73814,1
292726,1
51278,1
226021,1
201927,0
103538,1
18435,0
9371,0
35883,0
127274,0
173817,1
50444,1
50290,0
195667,0
128821,0
118596,1
66002,1
176381,1
128945,1
98251,0
10437,1
235641,1
234747,0
208259,0
237890,1
122964,1
95549,0
108728,1
208448,1
39393,1
184949,1
217628,0
268381,1
294630,1
21252,1
64162,0
89905,0
131452,1
79463,1
85881,0
271561,1
86999,1
26102,1
45169,1
80071,0
132950,0
86887,1
41339,1
89771,1
82116,0
16625,0
60046,1
184900,0
180019,0
181508,0
144295,1
89357,1
160158,1
196667,1
66475,0
211205,1
118240,0
143420,1
62900,1
52550,0
196026,1
24637,0
218316,0
79053,1
12310,1
72341,0
279875,0
16288,0
154828,0
232411,0
115185,1
5385,0
171419,1
184274,0
118410,1
85648,0
117044,1
39223,1
27645,0
265226,1
144634,1
141016,0
103085,0
245467,0
92881,0
271051,0
269080,1
211728,1
116323,1
98479,0
160469,0
49802,0
109515,1
161175,1
76818,1
57000,0
6914,0
200191,0
214475,1
48081,0
142549,1
208862,0
175987,1
94890,1
115541,0
34295,0
108125,1
113651,0
86157,1
137612,0
176606,1
33313,1
44859,1
137686,0
293777,1
70847,1
16020,1
83993,1
178190,0
206194,1
281891,0
29900,1
172561,1
144829,1
120192,1
97423,1
79737,1
34384,0
233428,1
14964,1
16846,0
240797,1
1540,0
142400,1
157480,0
126580,1
165542,0
89718,0
213235,0
282172,0
15382,1
238088,0
36258,1
179598,1
19813,1
142135,1
263814,1
179551,0
41111,1
13973,1
268359,0
136390,1
251198,0
171792,0
243618,0
96666,1
184294,1
34366,0
121421,0
168887,0
5509,0
155859,1
155824,0
85481,1
85832,1
154025,0
122434,1
56289,0
225249,1
140203,0
13626,0
53493,1
141845,0
223532,0
135884,1
244051,0
176287,1
58432,0
73465,1
77292,1
187493,0
192109,1
227881,0
103081,0
33699,0
23525,0
69835,0
40357,1
209392,1
108702,0
205808,0
99637,1
153483,0
291916,0
256046,0
150915,0
38337,0
229029,1
64621,0
137967,1
57846,1
276945,0
291471,1
98439,0
130331,0
293789,1
257262,1
87445,1
166820,0
93753,0
112777,1
152050,1
46991,1
223116,1
291078,1
131146,0
101376,1
269228,1
98063,0
73463,1
63462,1
35441,0
238826,0
141572,0
49058,1
67085,0
8440,1
255881,1
219222,1
69840,1
15604,1
226759,1
78431,1
31239,1
72332,1
232674,0
117058,1
197511,1
243576,1
66339,0
58022,1
173567,1
271648,1
149129,0
5548,1
217808,1
51198,0
128063,0
228376,0
241274,1
102656,0
227382,0
98556,1
63931,0
97875,1
256184,1
163781,0
256639,1
254567,1
123280,1
28113,1
103546,0
186896,0
175074,0
191031,1
273776,0
27867,1
56860,0
217379,1
225283,1
138147,1
294038,1
161183,0
14807,1
187776,1
152187,1
235599,1
149964,1
149502,0
225441,0
53182,0
280382,0
95470,0
119412,1
249978,1
130669,1
250323,1
138103,0
129812,0
86267,1
106965,0
259663,0
135435,1
7701,1
134252,1
51847,0
638,0
289489,0
90975,1
211879,1
127958,1
125422,0
115569,0
176034,0
63625,0
158267,0
82679,0
286594,1
39994,1
119999,1
129001,0
144739,0
27338,0
46563,0
44013,0
196220,0
250896,1
218764,0
159254,0
251188,1
113562,1
76054,0
154203,1
270033,1
70133,0
150943,1
87508,0
186800,1
219748,0
259774,1
159579,1
186556,1
157946,0
208811,1
62598,0
206868,0
182252,0
230161,0
281914,0
216407,1
97263,0
127676,0
230279,1
62480,0
75161,1
132020,0
182034,0
17341,0
181906,0
233422,0
65027,0
274382,1
139153,1
38692,1
38544,1
263864,1
135178,2
47593,0
218299,0
271732,1
152298,1
15124,1
39550,1
152176,0
161774,1
111370,0
253497,1
10629,1
52803,0
224203,1
188223,0
226517,1
254334,0
84576,0
194555,1
67671,1
102253,1
69119,0
266173,1
263025,1
36260,1
204771,1
219248,1
239201,0
1917,0
99581,0
237859,0
73145,0
157522,0
91084,0
71276,1
59509,0
214112,0
54905,1
216119,1
132057,1
79108,0
233719,1
207204,1
284326,1
13576,1
107066,0
204440,0
129871,0
121360,1
208882,1
16471,0
291328,1
156912,1
51080,1
270091,0
99628,1
56213,1
222024,1
183423,0
256458,1
199903,0
79073,1
270931,1
151131,0
193100,1
26629,1
238406,1
94204,0
57292,0
233249,0
32292,1
65,0
85144,1
256669,0
27978,0
160142,0
30542,0
255800,1
226584,0
16284,1
200510,1
131885,1
176224,0
269058,1
144106,0
113967,0
165197,1
245127,1
249351,0
30823,1
226913,1
209851,1
283721,0
40946,1
142488,1
258024,0
192807,1
13273,0
69735,1
204343,1
290807,0
108383,0
8530,0
165589,0
204552,0
78803,0
159085,1
141701,1
7319,1
231517,0
190584,0
15157,1
241621,1
49254,1
259809,0
8980,0
94296,0
7781,1
87990,1
227493,1
206096,0
86948,0
224874,0
193781,1
252395,1
243838,0
172219,1
94588,0
114037,0
32528,1
106889,0
175739,0
217899,1
243698,1
207754,1
36414,1
215471,1
47332,1
128105,1
142415,1
17246,0
76998,1
270269,1
241217,1
234484,1
148879,1
38092,1
238093,1
176055,1
271868,1
110223,1
62822,1
152082,1
133892,0
40135,1
69956,1
153288,0
110777,0
163688,0
244964,1
209071,1
71827,0
223990,0
67153,1
237475,1
223025,1
133915,1
107895,1
243551,1
139918,0
39786,0
103201,0
28162,0
221879,0
180916,1
123733,1
54051,1
187307,1
97260,0
171617,0
85503,1
188775,1
99618,0
51465,1
111249,0
229580,1
21376,1
54666,1
243023,0
215586,1
261650,0
152984,1
140943,1
237733,0
179089,0
236099,1
110454,1
167589,1
90234,1
215898,0
177280,0
284762,0
184591,0
210566,0
9858,1
291501,1
228515,1
124089,1
261428,1
171655,1
213728,1
91027,1
215458,0
212941,0
118086,1
23391,1
74294,1
92977,1
15450,0
225898,0
108877,0
190,1
244068,1
186048,1
206089,1
38659,0
62969,0
269897,0
34179,1
262723,0
156699,0
261099,1
4080,1
138807,1
157523,1
93107,1
18638,0
247904,1
234447,1
112989,1
184705,1
264186,1
212885,0
256881,1
113575,1
69616,0
264684,1
206106,1
274842,1
211899,1
134528,1
189114,1
232451,0
273866,0
175519,0
16399,0
178579,0
236230,1
204506,0
62045,1
60598,1
1845,0
75786,1
277646,1
39664,1
124362,0
3145,0
105318,1
115908,1
241651,0
79541,0
266165,0
266455,0
71471,1
85636,1
1824,0
91095,1
97475,1
117229,1
44293,0
105971,1
239584,0
277979,1
261348,1
89508,1
37203,1
204012,0
6996,1
77752,1
285912,1
10182,1
93143,0
122131,1
25905,1
53227,0
151528,1
206867,0
228352,1
125965,0
195691,1
74195,0
149343,0
982,0
20372,1
88265,0
27310,0
229925,1
275209,0
210484,1
5021,0
38163,1
195484,0
195170,0
248221,1
69346,1
201458,1
278523,1
43835,0
50920,1
4652,0
168475,1
114762,1
71679,1
229807,0
204793,1
196134,1
161014,1
247457,1
78999,1
171147,0
41637,0
200893,1
224111,0
98026,0
121336,1
113885,1
57976,1
282154,1
193721,1
226368,1
181266,1
261829,1
142169,0
115332,1
83088,0
244689,0
200316,0
250123,1
111559,1
290139,0
37701,0
90587,1
91336,0
256614,1
238448,0
216994,1
294878,1
218521,0
98430,1
100774,1
53824,1
193357,1
256121,1
106619,0
80946,0
153670,0
72476,1
144365,0
64468,1
206588,1
221322,1
66748,1
14801,1
263143,0
120955,1
103036,1
240976,1
93129,0
13323,1
10152,0
153668,1
246877,0
29806,0
101237,0
73679,0
251637,0
198069,1
158031,1
20873,0
1353,0
138396,1
236644,1
186546,0
249638,1
142335,1
7753,0
255697,1
259091,1
11812,1
114935,1
94945,1
40202,0
8276,0
128535,0
151556,0
244922,1
233211,0
90934,1
36735,0
57203,1
132823,1
166170,0
52996,0
98812,1
243393,1
8745,0
144616,1
167773,0
106013,1
71754,1
227933,1
198712,1
238328,1
25564,1
50722,1
224289,0
193851,1
204800,0
121761,0
85737,1
81306,1
89121,1
236108,0
184356,0
92686,1
125800,0
69123,1
9609,0
152238,0
238714,0
26248,0
8541,1
139540,0
9141,0
125185,1
171196,1
18963,1
258995,1
221150,1
241919,0
193501,1
185008,1
62318,1
119607,0
181084,0
165290,1
118577,1
54357,1
64452,1
270791,1
113394,1
93631,1
111340,1
166296,1
141238,0
24552,0
174976,1
237399,0
292011,1
106678,1
195006,0
134156,1
253777,1
261032,1
261726,1
50145,0
134157,1
125876,1
17275,1
166359,0
30232,0
153368,0
121924,1
97857,1
136366,1
125966,0
51678,0
8095,1
241962,1
293229,0
106891,0
221103,0
81152,1
137123,1
45734,0
22583,0
125009,0
60728,1
221003,1
36865,1
88928,0
89855,0
16632,1
254960,1
165790,1
236000,1
75289,1
153010,1
197708,1
38426,1
247818,1
53092,0
4776,0
85337,0
151476,1
10174,2
79653,0
168134,0
32960,0
65330,0
63178,1
75057,0
46957,1
130326,0
251007,1
133260,0
227609,1
247558,1
162094,0
166864,1
69587,0
80825,0
80871,0
266943,0
236816,0
201110,1
252694,1
172645,0
9727,1
101410,1
92935,0
67077,1
103342,0
33365,0
80545,0
138432,0
247825,0
227694,1
242709,0
26604,0
139875,1
137521,1
85734,1
126055,0
14025,1
213214,0
184982,1
85641,1
233866,0
13084,1
44546,1
96704,1
62657,1
63433,0
109814,0
222552,0
138942,0
206843,1
186312,0
144476,1
169554,1
156395,0
134741,1
275171,1
201009,1
142891,0
219653,1
234590,1
266307,0
43993,0
34219,1
149843,1
261181,0
194444,1
99923,1
204165,1
120958,1
662,0
254419,0
85985,0
206094,1
162875,0
94426,0
220372,1
225224,1
433,1
181659,0
8347,1
36568,0
240695,0
73894,0
220352,1
166114,1
139956,0
227759,0
32999,1
250014,1
168674,0
265742,1
214076,0
110645,0
169220,0
33633,1
51491,0
212633,0
205407,1
188363,0
44301,0
103714,1
55923,0
220622,0
44849,0
204850,1
168358,1
124993,1
258323,1
81133,1
209654,1
177623,0
205739,0
6522,1
62172,1
85483,1
194981,1
267862,1
222115,0
143871,1
54728,1
244423,1
13992,0
59778,0
63110,1
229312,0
3311,1
186725,2
51337,0
209725,1
78843,1
99218,1
264202,1
144896,1
135060,1
148999,1
45927,0
198816,1
270342,1
265904,1
206749,0
206180,0
178161,1
72375,1
78887,1
66723,0
135319,0
9122,0
204339,1
215358,0
101340,1
60342,1
256240,1
139174,1
193069,0
68719,1
258607,1
215384,1
23024,0
244432,1
194633,0
157007,1
150321,0
181391,1
33978,0
263755,0
145219,0
124145,1
215180,0
95186,1
250159,1
188939,1
68391,1
59712,1
124470,0
31897,1
102331,1
47877,1
4750,0
125374,1
141408,1
157320,1
187681,1
44000,1
111245,0
212086,1
101592,1
75172,0
10288,0
19821,1
41189,0
192857,1
132480,1
11901,0
19812,0
212138,1
236761,1
181302,1
198679,1
125451,1
100382,1
221949,0
118740,0
16018,1
4527,0
223248,0
273368,1
250450,1
78143,0
214582,1
173111,1
174658,0
96771,1
45265,0
17386,1
80167,1
170104,1
73935,1
92140,1
188297,1
201491,1
54872,1
54264,1
78639,1
125236,1
100236,0
198214,1
100993,1
91798,1
264874,1
192164,1
195995,0
213385,0
20553,1
103100,1
205852,1
179753,1
78302,0
33925,1
22781,1
49982,1
39764,1
122943,0
45305,1
8999,0
213951,1
262153,1
226168,1
212359,0
19982,1
151253,1
96739,1
172420,0
131749,1
126387,0
143051,0
244668,0
95193,1
125831,1
215903,0
76448,0
251247,1
195913,1
27429,1
39426,1
128562,1
16137,0
203216,1
18559,1
37838,1
44176,1
273534,1
60367,1
34004,1
97784,1
69785,0
167185,1
170768,1
162416,0
98706,0
256404,1
249764,1
148214,1
24162,1
160425,0
173746,0
204027,0
166172,1
226947,1
225649,0
59613,0
116727,0
28207,1
213353,1
25682,0
9890,0
158243,1
48187,0
36158,1
59209,1
131417,1
210949,1
190674,1
54409,1
210671,0
58307,1
246067,1
16912,1
200550,1
244904,1
125701,0
65682,1
76817,0
68015,1
162417,1
254536,1
180163,0
53417,0
80920,0
241652,0
28867,1
164489,1
184236,1
29997,1
34725,1
38653,1
197173,0
186335,0
214752,1
84531,1
24235,1
111008,1
58394,1
215655,1
78343,0
197145,0
240144,1
213911,1
127306,1
177624,0
11208,0
227187,0
94452,1
242039,0
71032,0
20138,0
51384,0
155288,0
34843,0
169771,0
77025,0
267247,1
213158,1
29770,0
235723,0
14383,0
197878,1
122719,0
155065,0
83458,1
16309,1
185838,1
226089,1
117921,0
99507,0
248400,1
26355,1
52243,0
18646,1
174191,1
74170,1
246544,1
66173,1
39853,1
65165,0
154032,1
90414,1
96592,1
61449,0
245981,1
136741,0
109357,0
282930,1
243407,1
99619,1
139102,0
211304,1
44926,0
132021,1
649,0
177923,1
145557,0
171532,1
143031,1
233072,1
171409,1
175578,0
124137,0
30130,1
34211,0
240581,0
286573,0
256025,1
182166,1
39106,0
28042,0
66665,0
199586,0
109378,1
214689,0
139295,1
47105,1
78970,0
45506,0
200104,1
170048,0
50606,1
180477,0
106622,0
139659,0
13253,1
203291,1
270086,0
62954,1
167016,1
114714,1
173602,0
83545,1
199762,0
135960,1
262736,1
208533,1
163213,1
65516,0
137368,1
21312,0
96813,0
83918,1
254861,1
155084,1
175484,0
83531,1
213723,1
251418,1
51114,0
240598,0
41620,1
10445,0
240544,0
70938,0
259708,1
243591,0
214986,0
142435,1
259062,1
35843,1
56268,1
193741,1
97022,0
130719,0
7587,0
21646,0
34067,1
144982,0
267883,0
24591,0
180615,0
228716,1
244340,1
200499,0
83421,1
4604,1
200520,1
7027,1
97222,0
280223,0
85828,1
82199,1
196603,0
1873,1
184414,0
158850,0
197378,0
170225,1
148303,1
261660,1
160465,0
23919,0
256217,0
102190,0
247348,1
103829,0
163013,1
205210,0
55030,0
66801,1
79090,1
94130,1
31901,1
43668,0
273991,0
88826,0
196190,1
123353,0
3908,0
112858,1
79578,0
124318,1
175755,1
288150,1
118365,0
144954,0
75394,1
198632,1
250418,1
210538,1
41728,1
90202,0
187215,0
198123,0
156016,1
36063,1
58665,1
93321,1
49356,0
161159,0
175536,1
62233,1
220250,1
230676,1
206487,1
3288,0
93854,0
171213,1
316,1
124045,0
120386,1
280975,1
163949,1
168539,1
165266,0
199729,1
105367,1
283524,1
186056,1
279101,0
204278,1
243857,1
56320,1
273620,1
175710,0
250039,1
48611,0
175774,0
99569,0
110690,1
165758,0
19419,1
209889,0
90003,1
240153,1
80157,0
16429,0
54489,1
255852,1
41588,1
93391,0
139356,1
66420,1
73859,1
52225,0
206344,1
149235,0
71477,0
264690,0
70176,0
248788,1
160718,1
164053,1
8133,1
127558,1
221679,1
58247,0
30842,1
213504,1
229804,0
272049,1
47487,0
65816,0
57125,0
289342,1
172483,1
236514,1
280804,1
92854,1
262945,1
268658,1
115819,0
38517,1
216280,1
144819,0
87728,1
56296,0
36138,1
122523,0
168518,0
223188,1
17322,1
286284,0
53408,1
173492,1
148682,0
216959,1
262842,1
170093,1
14695,0
196780,1
2778,1
233414,0
256386,1
137827,1
267078,1
236395,1
3903,1
112620,1
71645,1
98056,0
118949,0
264522,1
240027,0
170875,0
162043,0
244597,1
161463,0
181766,1
105845,0
110849,1
257812,0
166240,0
205562,1
117520,0
76001,0
178668,0
266694,1
179575,1
37957,0
107454,0
266514,1
187432,1
34860,0
168283,1
163769,1
72219,0
85826,0
106969,1
108201,1
82970,1
294218,1
10423,0
91765,0
266790,1
105620,1
186482,0
143408,0
63376,0
102857,0
254303,0
238899,0
145638,0
45180,1
223545,1
163295,1
172254,1
88480,0
76393,1
217753,0
63298,0
82740,0
101208,0
46896,0
208717,1
263836,1
135378,1
92124,1
133075,1
323,1
241020,0
8675,1
13177,0
115689,1
232757,1
142052,1
152079,1
230510,0
230390,1
182209,0
63315,1
267035,0
247399,1
186624,1
26940,1
160302,1
118644,0
154529,1
93915,0
232594,1
226750,1
255079,0
290083,0
114816,1
171300,1
153993,0
118793,0
76159,1
12622,1
7185,1
88674,1
182454,0
103304,1
26397,1
103114,0
169893,1
75467,1
196386,1
3874,0
186915,1
198049,1
213372,1
165188,1
162847,1
196645,1
141282,1
34240,0
224764,1
238449,0
2978,0
221702,1
269947,1
82369,0
158249,1
258081,0
38868,1
50940,0
240841,0
265599,1
32229,1
139763,1
47301,1
89225,1
42238,1
170023,1
102384,1
260153,1
167618,0
239538,1
94789,1
94616,1
123363,0
132870,0
25644,1
46380,0
132983,0
12604,1
68542,1
31545,1
279486,1
58391,1
266001,1
286374,1
128086,0
231723,1
31701,1
123105,0
281663,0
48039,0
60831,1
10508,1
193055,0
96122,1
135078,1
256076,1
95071,0
95149,0
270260,1
107654,0
177152,1
176139,1
119184,1
237411,1
139535,1
28344,0
247997,1
224502,0
117486,0
100881,1
165676,1
156701,0
272014,1
228447,1
91639,0
290406,1
214236,1
99239,1
214725,1
156690,1
219350,1
81237,1
203833,1
228769,0
252674,0
182341,1
75920,0
83301,1
237032,0
192174,1
4386,0
9421,1
143789,0
281715,0
60371,0
74950,1
76967,0
96685,0
162706,0
148706,1
224483,1
277567,1
160562,1
271033,1
89214,1
281818,1
142809,0
139446,0
238491,1
110577,1
184702,1
13011,0
253642,0
100677,0
238987,1
207917,1
10061,0
107274,0
71714,1
261241,0
259506,1
105965,1
165685,1
233857,1
68467,0
234903,1
223758,1
158247,2
203993,0
258986,0
8308,1
3464,1
1403,1
124029,1
279246,1
139666,0
183527,1
83089,1
112942,1
223250,1
88215,1
191662,0
178677,1
128727,1
9555,1
205374,1
253354,0
57832,1
106304,1
195359,1
232579,0
14027,0
282639,1
57118,1
112115,1
221817,1
36677,0
227668,1
107620,1
186846,1
45246,0
53366,0
251544,0
156781,1
180757,1
81452,1
132991,0
84259,0
150418,1
125733,1
154314,1
69797,0
81800,1
83584,0
136600,0
158706,1
113524,1
177418,0
149994,0
122919,1
201840,0
13798,0
178047,0
286211,0
83598,0
244643,0
235257,1
27557,1
223022,0
165884,1
102425,0
91350,0
15862,0
227914,1
142580,0
162563,1
199587,1
44255,0
176542,0
8129,0
207593,0
93114,1
243949,0
155149,1
264489,1
50928,1
203724,1
182357,0
19126,0
220671,1
255247,1
273300,1
154997,1
93263,1
39747,0
78847,1
45487,0
180868,1
260020,0
13156,0
67858,0
80268,0
163194,1
192961,1
192700,0
173541,0
67556,0
256126,1
157013,1
50541,1
125275,0
269059,1
165000,0
122479,0
22082,1
232719,1
96582,1
113692,1
112388,1
196811,1
258885,1
62818,0
175403,1
181585,1
58994,0
207079,1
227817,0
79474,1
244859,1
217423,0
289055,1
1221,0
138881,1
248664,1
117383,1
208784,0
150236,1
51871,1
90604,1
52126,1
77365,0
167166,1
144195,0
48797,1
230550,1
59646,0
218406,1
8127,1
135930,0
290357,0
82321,0
154533,0
197220,1
48285,0
163986,0
166732,1
230525,0
223456,0
14541,0
242386,0
224431,1
125276,1
50115,0
48802,1
177549,1
114649,0
33330,0
87008,0
279929,1
99377,0
137773,0
20230,1
97459,1
88391,1
174339,0
180948,0
78969,0
199315,0
106639,0
218187,1
139790,0
134492,0
103690,0
203646,0
142586,0
108687,1
52763,0
110785,1
56928,0
236098,0
109439,1
81363,1
273568,1
110967,1
245124,0
194968,0
3050,0
62171,1
96715,1
55241,1
92614,0
186235,1
107369,0
115649,0
268203,1
230094,0
29884,0
127803,0
76750,0
76558,0
240275,1
100165,1
166162,0
135505,1
49451,1
195872,0
111584,1
32232,1
200457,1
91372,1
175623,1
115244,1
204562,0
61641,0
100398,1
50807,0
209645,1
9352,0
221387,1
264043,0
132024,1
209886,0
39138,1
190804,1
201305,1
111717,0
214626,1
170154,1
212996,1
148426,1
81340,0
194845,1
28240,1
58476,0
267762,1
7499,0
23678,1
289885,0
97778,1
35039,1
257938,1
232456,1
38288,1
251974,1
184457,1
108632,0
89467,0
191706,0
44355,1
39812,0
85398,1
160217,1
218753,1
47697,1
237695,1
28006,1
267996,1
69712,1
189136,1
50077,1
65279,1
159239,0
266903,1
38943,1
97465,1
187108,1
179188,0
82697,1
28136,0
19316,1
290405,0
127007,1
273415,1
201668,0
47823,0
83794,0
118988,1
66372,0
27226,1
237962,1
24114,1
260382,1
54453,0
197101,0
148908,1
195563,1
121419,0
94051,0
163841,1
94092,1
151165,1
229675,1
167565,1
184551,1
228360,1
236689,1
80710,1
219301,1
224221,1
40161,0
41576,0
229622,1
130251,0
99680,1
205660,0
258335,1
76270,0
148146,1
30659,0
103929,0
174483,1
101342,1
170796,0
142896,1
170650,0
10801,0
42083,1
267947,1
22756,0
203674,1
52948,1
290968,1
183692,1
153428,0
63336,1
187087,1
254779,1
81580,1
214538,1
54005,1
89558,1
178307,0
181477,1
46587,0
287937,1
132014,1
90134,0
80351,1
21744,1
174971,1
35190,0
27646,0
124778,1
67294,0
228453,0
87497,1
291499,0
45318,1
260629,1
247539,1
172961,0
271468,1
157001,1
177671,1
177993,0
113852,1
214145,1
50556,1
78200,0
290918,1
233262,1
224226,0
30795,1
161496,0
224789,0
74640,0
154065,0
119142,0
218907,0
83637,1
65156,1
4715,0
8900,0
51592,1
27471,1
208049,0
188066,0
215040,1
118313,1
73051,1
58186,1
51452,1
293031,1
14560,1
163627,1
45558,0
90291,1
111418,0
171217,1
62070,1
60353,1
165186,1
291038,1
168657,0
205486,1
174039,1
187270,1
116713,1
280715,0
118348,0
89750,1
162513,1
248192,1
157718,0
152673,1
221064,0
89712,1
60081,1
256430,0
156509,0
111912,1
6847,1
273589,0
12730,1
81173,0
23645,0
151041,0
141310,0
92354,1
247097,1
168942,0
64647,1
75278,1
229526,1
111815,0
137264,1
8341,1
111460,1
219790,0
96281,0
130888,0
247378,1
76248,0
108616,1
129262,1
242662,1
39996,0
136203,1
36444,1
22842,0
160816,1
52353,1
15594,2
121837,1
136058,1
20656,0
128421,1
230467,0
181705,1
58865,0
272676,0
133761,1
251154,1
9919,0
126844,0
53419,1
285927,0
13455,1
258047,1
251538,1
46855,0
280439,1
174418,1
939,0
289918,1
270767,1
263123,1
32400,1
167838,0
187363,1
154145,1
234670,0
264476,0
161702,0
82765,0
56744,0
128933,1
23583,0
71460,1
81761,1
80236,1
222580,1
56657,0
114607,1
257700,1
83165,1
113350,1
130884,0
135226,1
9067,1
206261,1
262101,0
108996,0
240522,1
166589,0
15965,1
92624,1
242487,1
157598,1
264981,1
116978,1
27845,1
181151,1
118684,0
248677,1
179435,0
12695,0
39462,1
267755,1
205399,1
148290,1
273152,1
239435,0
167956,0
257568,0
279195,0
198541,1
123,1
249527,1
100023,0
18078,1
247308,1
254006,1
79507,0
221682,1
135992,1
222155,1
286351,1
222317,1
135195,1
191694,1
99432,0
211693,0
265430,0
118507,0
72285,1
232342,1
8981,1
257876,1
66350,0
47553,0
47000,1
250001,0
125626,1
78542,0
74902,1
62221,1
157175,1
198355,1
69155,0
97737,1
83140,1
179431,0
58,0
67291,0
43812,1
114894,0
188442,1
152347,0
278672,1
102216,1
188173,0
34712,1
91861,1
75228,1
46165,1
18261,0
201312,0
65929,0
76118,1
60505,1
10987,1
283738,0
228111,1
162641,1
203840,1
67210,0
193578,0
245143,1
563,0
11177,0
47411,1
86126,1
228340,1
212875,1
59288,0
145109,1
249440,1
72064,1
150555,0
255670,1
121863,0
83846,1
162639,1
122665,1
158602,1
159577,1
127559,1
292336,0
55652,1
152608,1
18975,1
138770,0
83516,1
136473,1
35938,0
45510,1
152875,1
264563,0
126566,0
70172,1
173262,0
128097,1
15427,1
44842,1
131856,1
164,1
129695,0
38672,1
122849,0
67220,0
56181,1
158519,0
184147,1
116258,1
131069,1
97841,1
144603,1
242006,0
115570,1
269809,1
74270,0
204514,0
264685,1
45713,0
16481,0
124191,1
5504,1
137721,0
208821,1
205436,0
121367,0
197167,0
188642,1
272538,1
89895,1
38176,0
248795,1
210729,1
236307,1
233544,1
91598,0
293145,1
244198,1
34730,1
213512,1
115448,0
58190,1
206864,1
133197,1
191306,0
215310,0
204189,1
101931,1
198911,1
64715,1
82899,1
223873,1
17351,1
154922,0
279216,1
116635,1
224559,1
22495,0
220369,0
159189,0
45300,0
193102,0
280312,1
240167,0
162794,0
174311,0
59507,1
102058,1
85932,0
87080,0
290371,0
175247,1
263432,0
188139,1
276087,0
260391,1
82005,1
32274,1
243691,0
73065,1
243756,1
254907,1
171661,0
220741,1
83924,1
256335,0
97270,0
123006,1
201419,0
130141,1
172867,1
45330,2
56822,1
62436,1
139265,1
183979,1
34523,1
291178,1
27403,0
41295,0
150388,1
168394,1
139624,1
166471,0
118151,1
289462,1
62632,0
222510,1
109748,0
17123,0
229089,0
178833,1
83546,0
183971,1
132770,0
143794,1
35669,0
143105,1
92060,1
290169,1
78715,1
282848,0
227403,1
92650,1
269428,1
285390,0
227667,1
241426,0
243256,1
203780,0
230334,0
73995,1
66172,1
159955,1
97238,1
120371,0
291152,1
107969,1
155322,1
116866,1
236981,0
18992,0
78959,0
174050,1
176637,1
18532,0
6814,1
6517,1
93347,0
256202,1
87926,0
168165,1
71267,1
271925,0
77173,0
253071,1
188838,0
36142,1
149778,1
255650,0
132861,1
90608,1
255282,1
225543,0
89914,1
233768,0
155676,1
62157,1
117881,0
110553,1
97555,1
39457,1
58908,1
247701,1
16415,0
207664,1
174906,1
18623,0
138580,0
97667,1
115237,1
49308,1
153931,0
251223,1
15585,1
266529,1
265701,0
259149,1
215448,1
164645,0
168762,1
215122,1
233525,0
270002,1
123387,0
66225,1
188073,0
188643,1
130370,1
279675,0
109474,1
193979,1
286853,0
128353,1
281585,1
198311,1
201919,0
30782,0
76389,1
240178,1
156178,0
242374,1
93585,0
53440,0
116967,1
128176,0
277100,1
261530,1
224962,0
79813,0
170554,1
192227,0
117980,1
191453,1
62712,1
241510,0
42248,0
16358,1
98861,0
244498,1
258972,1
123211,1
122508,1
162670,0
106195,1
271698,1
103479,0
258829,1
134136,0
22275,1
173216,1
209066,0
52330,0
3328,0
73507,0
85453,0
280268,1
28641,1
188443,1
148906,1
16841,1
224236,1
65883,0
153164,0
75365,0
244888,0
178497,1
88783,0
240061,1
180140,0
229940,1
20189,1
192126,1
171467,1
182021,1
172719,0
139442,0
225622,0
162589,0
21412,1
127501,0
74462,1
258146,1
77787,0
152979,1
153424,1
115535,1
46026,0
93167,1
282594,1
217284,0
139423,0
18690,0
85206,0
283964,0
22849,0
102344,0
80312,1
272247,1
135281,0
36824,1
71830,1
61740,0
141148,0
156695,1
171064,1
35870,1
78807,1
169716,0
90844,1
67593,0
193338,1
181856,1
94193,0
153531,1
84186,0
203640,0
137992,1
132205,1
175900,0
53057,1
45593,1
205144,0
221127,0
89259,0
56446,1
286692,0
7795,0
168778,0
134930,0
294472,1
14891,1
256447,1
240713,1
200663,1
119309,1
246992,1
50286,0
155903,0
222784,1
284897,1
213655,1
135186,1
158749,0
188926,0
19103,1
8331,1
204141,0
40988,1
134264,1
24853,1
223117,1
69048,0
106928,1
190597,1
95154,0
44316,1
207450,2
144221,0
215433,0
101959,0
226770,0
19581,0
264770,0
109978,0
189231,1
223413,1
257045,1
258948,1
92562,1
100704,0
112476,0
259980,1
141776,1
4905,1
265139,1
113072,1
190730,0
242991,1
524,1
42073,1
198392,1
101891,1
19892,1
23751,1
284441,0
156139,1
186705,1
28690,1
208822,1
239278,1
225578,1
83839,0
37629,0
204695,0
127299,0
56151,0
145150,0
215469,1
249803,1
213339,1
131854,0
167276,0
9763,1
108436,0
98547,0
17617,0
110083,0
114189,0
87096,0
37779,0
20128,0
12897,0
266268,1
122163,1
184239,0
124825,1
9610,1
14910,1
232506,1
99136,0
160894,0
273757,1
182437,1
107681,0
40564,1
122828,1
126602,1
128071,0
231136,0
128680,1
180588,1
144717,1
81539,1
185247,1
20985,0
121661,0
68603,0
206291,0
126343,1
200449,1
172875,1
235351,1
215444,0
93495,1
203132,1
62239,0
119936,1
109589,0
204958,1
65457,1
67231,1
183831,1
82245,1
103933,0
72036,0
148698,1
261671,1
143547,0
99280,1
126431,1
126509,0
28562,1
245202,0
71948,0
220434,1
180818,0
207861,1
118107,1
240705,1
85587,0
8216,1
11582,1
201286,1
218280,1
171574,0
73787,1
207781,0
208736,1
201313,0
40434,0
12082,0
140292,1
28261,0
137115,1
279896,1
59175,1
133069,1
107802,0
206274,0
3318,0
64146,1
61636,0
181643,0
234646,0
16637,1
214446,1
247313,1
177234,0
262762,1
150958,1
50336,0
201923,1
207474,0
43977,0
33543,1
270533,1
25073,1
50792,1
229844,1
220534,1
138239,0
92679,0
184383,0
270172,1
225486,1
28319,1
68408,0
237893,1
69442,1
120397,1
96338,0
232401,0
40845,1
186630,1
240443,1
237292,1
96366,0
92288,1
251013,0
46572,0
203772,0
174173,1
284136,1
13052,1
61269,0
120253,0
78189,0
203591,0
247743,1
181155,1
177272,1
103174,0
102741,1
122518,0
122063,0
115061,0
37280,1
149347,0
38201,0
218936,1
128921,1
189182,0
44817,1
158710,1
80894,1
226516,1
250288,1
12375,1
96320,1
141226,1
246405,1
145170,1
165370,0
111894,0
70155,0
276384,1
269775,0
243307,1
287859,0
12121,1
27291,1
173274,1
228457,1
79470,0
129892,0
278262,0
231127,0
111448,1
13202,0
160146,1
38702,1
251768,1
137176,1
44386,0
254774,0
14720,0
286772,1
82706,1
256286,1
119602,0
155093,0
69343,1
150179,0
25566,0
164881,0
6773,0
154927,1
63768,0
129246,0
10752,0
271203,0
33459,0
230820,0
289203,1
231109,0
31622,0
234840,1
39067,0
256900,1
185460,1
263660,1
122246,0
121857,1
60401,1
247425,1
247290,0
132547,1
273333,1
179456,1
112616,0
54466,0
211399,1
197803,0
214447,1
16361,1
219150,0
292491,1
118225,1
234430,0
95053,0
194572,0
206856,1
8851,1
139198,0
23924,1
125473,1
224505,0
233895,1
144330,0
195447,0
104042,0
173373,1
130472,1
279588,1
121784,1
122592,1
14454,0
175286,1
59877,1
131787,1
44365,1
67865,1
53401,1
50712,1
97075,1
211389,1
238981,0
233128,1
109548,1
258633,1
81816,0
234285,0
59077,1
90910,0
221296,0
133896,1
39843,0
62440,0
115935,0
188751,0
159837,1
130076,1
154113,0
123778,0
177409,0
145031,0
256485,1
116254,1
26077,1
84688,1
130168,1
248165,0
201759,0
69942,1
229316,0
58970,0
179294,0
102612,1
10552,1
54963,0
30097,1
125352,1
26574,1
111938,1
12102,0
221967,0
52949,0
207004,1
9135,1
4753,0
109183,1
128599,0
262715,1
49555,1
158480,0
204172,1
31684,1
74570,1
99871,1
153523,2
291984,1
279471,0
91369,0
152795,0
197857,0
31373,1
108059,1
159723,1
47360,1
155823,0
250260,1
156025,1
61167,1
210422,1
145487,1
211754,1
247744,1
262003,0
142446,0
38307,1
195923,1
141055,1
226216,0
119342,1
152405,0
22684,0
192620,1
24022,1
214242,1
144940,1
167437,0
75337,0
14835,0
21746,1
249548,1
119054,1
259519,0
56374,1
173019,0
246129,1
270017,1
39527,1
71540,1
171042,1
139767,0
149134,0
226120,0
5103,0
159031,0
237371,0
58854,1
33345,0
83959,1
201423,1
47793,1
59593,0
68712,0
117379,1
196888,0
115822,1
72366,0
189164,1
205464,0
61174,0
251196,0
50040,1
211842,1
98253,0
142796,0
90468,1
96797,1
20411,1
227834,1
77858,1
285980,0
187954,1
89009,0
237250,1
195440,0
77535,1
30361,0
239998,0
133741,1
117151,0
124304,1
117903,0
35802,0
95834,1
224492,1
229084,0
122647,1
115414,1
96648,0
200709,1
99354,0
119151,1
35708,0
1150,0
158476,0
132472,0
108989,1
173922,0
110783,1
129327,1
174216,1
1320,0
140485,0
197852,1
238996,1
250765,1
155244,0
264497,0
158959,1
75905,0
17670,1
266768,1
64813,1
209600,1
176194,0
100661,1
111906,1
133942,2
207367,1
48759,1
78315,0
52559,0
254661,0
95733,0
256258,1
162637,1
210930,1
272080,0
8235,1
62946,1
133790,0
291115,0
288905,0
262780,1
79843,1
103957,0
179206,1
3088,0
59357,1
248612,1
267062,1
93036,0
13385,1
223168,1
100136,0
245422,1
153201,0
123793,1
10079,1
277801,1
74397,0
137710,1
71142,0
32900,0
186073,1
246060,1
208284,1
65146,0
74662,0
78019,1
204917,0
143739,0
72936,0
66498,1
93401,1
204323,0
97087,0
161284,1
171838,1
137157,1
27237,1
211507,0
208047,1
201073,0
150742,1
163342,1
126423,1
136697,1
234540,0
131886,1
100566,1
80433,1
272735,0
12609,0
182499,1
115413,0
120742,0
238807,1
97533,1
84617,1
31892,1
174001,0
162001,1
231328,0
177212,1
167780,0
96793,1
157517,0
186697,0
34460,0
75011,0
18586,1
610,0
62735,1
261498,1
67368,1
266084,1
209531,0
261058,1
156052,0
103692,0
287661,1
98206,1
186357,0
253555,1
238946,0
148781,1
110012,0
185939,1
159297,0
28743,0
163613,1
114405,0
141989,0
176540,1
150397,1
244734,1
217216,1
27971,0
173118,0
271503,1
73711,0
209687,1
219614,1
262291,1
173425,1
65332,0
181521,0
36126,1
268282,1
289328,0
210355,1
187502,0
168828,0
10331,0
126441,1
161033,1
228091,1
291181,0
7511,1
90380,0
110529,1
186284,1
34142,1
271680,1
192458,1
102544,1
4833,0
237003,0
118894,1
200032,1
116289,1
155194,1
151471,0
148128,0
258936,1
153596,1
171851,1
115760,1
81855,1
237516,1
63232,1
170916,1
181124,1
85208,1
114620,1
179611,0
128688,1
149069,0
220414,1
102994,1
238779,1
131282,0
171427,0
45858,1
65645,0
225503,0
205167,0
131374,1
74205,1
44239,1
21548,0
165746,1
257107,1
188410,1
5365,1
144425,1
39394,1
86600,1
245107,1
106066,1
261056,1
219044,1
81779,1
191693,1
160418,0
192306,0
149795,0
108698,1
250663,1
215589,1
12749,0
162278,2
174410,1
236587,1
46401,0
157402,0
270003,1
215591,1
133768,0
116634,1
2129,1
77990,1
142676,1
238509,1
110824,1
61883,1
39622,1
250657,1
243986,1
90527,1
221401,0
15840,1
8580,0
103727,1
88893,1
173462,0
161479,1
96883,1
285009,0
226483,1
248341,0
251213,1
263137,0
77191,1
76307,1
94351,0
206042,0
262298,0
105607,0
207260,1
144898,1
140878,1
99572,0
179518,1
59300,0
256903,1
123247,0
106418,0
279582,0
159795,1
156610,1
117217,0
132864,0
85007,1
153142,1
153077,1
154834,1
176009,0
187760,1
205995,1
131476,1
166357,1
47889,0
87909,1
204717,0
38405,1
47818,1
113385,1
113788,1
73498,0
47451,0
164824,1
148328,0
148156,1
191664,1
245358,1
249889,1
27849,1
191266,1
209112,1
92360,1
240218,1
224367,0
179630,1
199022,1
240865,0
144976,0
19169,0
113631,0
64363,1
148209,1
111580,0
119832,0
215090,1
270317,1
224294,0
256465,1
260078,0
194862,0
65985,1
177421,0
253224,0
5519,1
253537,1
60232,1
200182,1
132325,1
149340,0
170153,1
56580,0
31997,0
145294,1
60922,1
250326,1
206677,1
264779,1
125449,0
135915,1
160610,1
175478,1
121046,1
111168,1
55956,0
70745,0
58735,1
192468,1
135801,0
131646,1
69983,0
84762,0
50016,0
98940,0
244813,1
277959,1
153121,1
265153,1
11276,1
45798,1
66434,0
210959,1
227793,0
74305,0
285851,0
12769,0
214613,1
90434,0
155888,1
13429,1
127044,0
152590,1
25921,0
253673,1
259217,1
12366,0
259795,1
115426,1
213615,1
148736,1
117550,0
160262,1
122746,1
234094,0
197157,0
256361,1
124612,1
176771,0
11584,1
